{
  "rasa_nlu_data": {
    "common_examples": [
      {
        "entities": [], 
        "intent": "greet", 
        "text": "hey"
      }, 
      {
        "entities": [], 
        "intent": "greet", 
        "text": "howdy"
      }, 
      {
        "entities": [], 
        "intent": "greet", 
        "text": "hey there"
      }, 
      {
        "entities": [], 
        "intent": "greet", 
        "text": "hello"
      }, 
      {
        "entities": [], 
        "intent": "greet", 
        "text": "hi"
      }, 
      {
        "entities": [
          {
            "start": 9, 
            "end": 14, 
            "value": "setup", 
            "entity": "tech_support_work"
          }, 
          {
            "start": 18, 
            "end": 23, 
            "value": "PT878", 
            "entity": "tech_support_object"
          }
        ], 
        "intent": "technical_support", 
        "text": "How do I setup my PT878?"
      }, 
      {
        "entities": [
          {
            "start": 10, 
            "end": 17, 
            "value": "balance", 
            "entity": "tech_support_work"
          }, 
          {
            "start": 30, 
            "end": 35, 
            "value": "rotor", 
            "entity": "tech_support_object"
          }, 
          {
            "start": 21, 
            "end": 29, 
            "value": "overhung", 
            "entity": "tech_support_work"
          }
        ], 
        "intent": "technical_support", 
        "text": "How can I balance an overhung rotor?"
      }, 
      {
        "entities": [
          {
            "start": 0, 
            "end": 3, 
            "value": "ISO", 
            "entity": "tech_query_work"
          }, 
          {
            "start": 4, 
            "end": 9, 
            "value": "10816", 
            "entity": "tech_query_object"
          }
        ], 
        "intent": "technical_query", 
        "text": "ISO 10816"
      }, 
      {
        "entities": [], 
        "intent": "affirm", 
        "text": "yes"
      }, 
      {
        "entities": [], 
        "intent": "affirm", 
        "text": "yep"
      }, 
      {
        "entities": [], 
        "intent": "affirm", 
        "text": "yeah"
      }, 
      {
        "entities": [
          {
            "start": 14, 
            "end": 19, 
            "value": "tasks", 
            "entity": "tech_query_work"
          }, 
          {
            "start": 59, 
            "end": 66, 
            "value": "balance", 
            "entity": "tech_query_object"
          }
        ], 
        "intent": "technical_query", 
        "text": "Are there any tasks I should carry out before performing a balance job?"
      }, 
      {
        "entities": [], 
        "intent": "goodbye", 
        "text": "bye"
      }, 
      {
        "entities": [], 
        "intent": "goodbye", 
        "text": "goodbye"
      }, 
      {
        "entities": [], 
        "intent": "goodbye", 
        "text": "good bye"
      }, 
      {
        "entities": [], 
        "intent": "goodbye", 
        "text": "stop"
      }, 
      {
        "entities": [], 
        "intent": "goodbye", 
        "text": "end"
      }, 
      {
        "entities": [
          {
            "start": 14, 
            "end": 23, 
            "value": "Technical", 
            "entity": "tech_query_object"
          }, 
          {
            "start": 24, 
            "end": 31, 
            "value": "Support", 
            "entity": "tech_query_object"
          }, 
          {
            "start": 32, 
            "end": 39, 
            "value": "Contact", 
            "entity": "tech_query_object"
          }
        ], 
        "intent": "technical_query", 
        "text": "How to find a Technical Support Contact?"
      }, 
      {
        "entities": [
          {
            "start": 27, 
            "end": 32, 
            "value": "SCOUT", 
            "entity": "tech_support_object"
          }, 
          {
            "start": 44, 
            "end": 54, 
            "value": "instrument", 
            "entity": "tech_support_work"
          }, 
          {
            "start": 63, 
            "end": 77, 
            "value": "accelerometers", 
            "entity": "tech_support_object"
          }, 
          {
            "start": 35, 
            "end": 43, 
            "value": "vbSeries", 
            "entity": "tech_support_object"
          }
        ], 
        "intent": "technical_support", 
        "text": "How often should I have my SCOUT / vbSeries instrument and its accelerometers calibrated and how do I go about it?"
      }, 
      {
        "entities": [], 
        "intent": "affirm", 
        "text": "indeed"
      }, 
      {
        "entities": [], 
        "intent": "affirm", 
        "text": "that's right"
      }, 
      {
        "entities": [], 
        "intent": "affirm", 
        "text": "ok"
      }, 
      {
        "entities": [], 
        "intent": "affirm", 
        "text": "great"
      }, 
      {
        "entities": [
          {
            "start": 47, 
            "end": 54, 
            "value": "PIN 000", 
            "entity": "tech_support_object"
          }, 
          {
            "start": 74, 
            "end": 83, 
            "value": "over-ride", 
            "entity": "tech_support_work"
          }, 
          {
            "start": 20, 
            "end": 36, 
            "value": "Calibration menu", 
            "entity": "tech_support_work"
          }
        ], 
        "intent": "technical_support", 
        "text": "I cannot access the Calibration menu using the PIN 000. Is there a way to over-ride the PIN number?"
      }, 
      {
        "entities": [
          {
            "start": 14, 
            "end": 20, 
            "value": "access", 
            "entity": "tech_support_work"
          }, 
          {
            "start": 67, 
            "end": 75, 
            "value": "PIN 4321", 
            "entity": "tech_support_object"
          }
        ], 
        "intent": "technical_support", 
        "text": "I cannot gain access to the calibration menu using the calibration PIN 4321. What should I do?"
      }, 
      {
        "entities": [
          {
            "start": 18, 
            "end": 23, 
            "value": "PT878", 
            "entity": "tech_query_object"
          }, 
          {
            "start": 36, 
            "end": 45, 
            "value": "rebooting", 
            "entity": "tech_query_work"
          }
        ], 
        "intent": "technical_query", 
        "text": "What to do if the PT878 goes into a rebooting loop and will not turn on?"
      }, 
      {
        "entities": [
          {
            "start": 47, 
            "end": 54, 
            "value": "610/615", 
            "entity": "tech_support_object"
          }, 
          {
            "start": 65, 
            "end": 76, 
            "value": "Calibration", 
            "entity": "tech_support_work"
          }, 
          {
            "start": 77, 
            "end": 85, 
            "value": "PIN 4321", 
            "entity": "tech_support_work"
          }
        ], 
        "intent": "technical_support", 
        "text": "I cannot access the Calibration menu on my DPI 610/615 using the Calibration PIN 4321. Is there an over-ride / by-pass PIN?"
      }, 
      {
        "entities": [], 
        "intent": "technical_query", 
        "text": "what is your name?"
      }, 
      {
        "entities": [], 
        "intent": "technical_query", 
        "text": "who are you?"
      }, 
      {
        "entities": [
          {
            "start": 16, 
            "end": 28, 
            "value": "refrigerator", 
            "entity": "tech_support_object"
          }
        ], 
        "intent": "technical_support", 
        "text": "what to do when refrigerator fails?"
      }, 
      {
        "entities": [
          {
            "start": 8, 
            "end": 17, 
            "value": "technical", 
            "entity": "tech_query_work"
          }, 
          {
            "start": 18, 
            "end": 25, 
            "value": "support", 
            "entity": "tech_query_work"
          }, 
          {
            "start": 26, 
            "end": 32, 
            "value": "number", 
            "entity": "tech_query_object"
          }
        ], 
        "intent": "technical_query", 
        "text": "What is technical support number?"
      }
    ], 
    "entity_synonyms": [], 
    "regex_features": []
  }
}