﻿{
  "rasa_nlu_data": {
    "common_examples": [
      {
        "text": "hey",
        "intent": "greet",
        "entities": []
      },
      {
        "text": "howdy",
        "intent": "greet",
        "entities": []
      },
      {
        "text": "hey there",
        "intent": "greet",
        "entities": []
      },
      {
        "text": "hello",
        "intent": "greet",
        "entities": []
      },
      {
        "text": "hi",
        "intent": "greet",
        "entities": []
      },
      {
        "text": "How do I setup my PT878?",
        "intent": "technical_support",
        "entities": [
          {
            "start": 9,
            "end": 14,
            "value": "setup",
            "entity": "tech_support_work"
          },
          {
            "start": 18,
            "end": 23,
            "value": "PT878",
            "entity": "tech_support_object"
          }
        ]
      },
      {
        "text": "How can I balance an overhung rotor?",
        "intent": "technical_support",
        "entities": [
          {
            "start": 10,
            "end": 17,
            "value": "balance",
            "entity": "tech_support_work"
          },
          {
            "start": 30,
            "end": 35,
            "value": "rotor",
            "entity": "tech_support_object"
          },
          {
            "start": 21,
            "end": 29,
            "value": "overhung",
            "entity": "tech_support_work"
          }
        ]
      },
      {
        "text": "ISO 10816",
        "intent": "technical_query",
        "entities": [
          {
            "start": 0,
            "end": 3,
            "value": "ISO",
            "entity": "tech_query_work"
          },
          {
            "start": 4,
            "end": 9,
            "value": "10816",
            "entity": "tech_query_object"
          }
        ]
      },
      {
        "text": "yes",
        "intent": "affirm",
        "entities": []
      },
      {
        "text": "yep",
        "intent": "affirm",
        "entities": []
      },
      {
        "text": "yeah",
        "intent": "affirm",
        "entities": []
      },
      {
        "text": "Are there any tasks I should carry out before performing a balance job?",
        "intent": "technical_query",
        "entities": [
          {
            "start": 14,
            "end": 19,
            "value": "tasks",
            "entity": "tech_query_work"
          },
          {
            "start": 59,
            "end": 66,
            "value": "balance",
            "entity": "tech_query_object"
          }
        ]
      },
      {
        "text": "bye",
        "intent": "goodbye",
        "entities": []
      },
      {
        "text": "goodbye",
        "intent": "goodbye",
        "entities": []
      },
      {
        "text": "good bye",
        "intent": "goodbye",
        "entities": []
      },
      {
        "text": "stop",
        "intent": "goodbye",
        "entities": []
      },
      {
        "text": "end",
        "intent": "goodbye",
        "entities": []
      },
      {
        "text": "How to find a Technical Support Contact?",
        "intent": "technical_query",
        "entities": [
          {
            "start": 14,
            "end": 23,
            "value": "Technical",
            "entity": "tech_query_object"
          },
          {
            "start": 24,
            "end": 31,
            "value": "Support",
            "entity": "tech_query_object"
          },
          {
            "start": 32,
            "end": 39,
            "value": "Contact",
            "entity": "tech_query_object"
          }
        ]
      },
      {
        "text": "How often should I have my SCOUT / vbSeries instrument and its accelerometers calibrated and how do I go about it?",
        "intent": "technical_support",
        "entities": [
          {
            "start": 27,
            "end": 32,
            "value": "SCOUT",
            "entity": "tech_support_object"
          },
          {
            "start": 44,
            "end": 54,
            "value": "instrument",
            "entity": "tech_support_work"
          },
          {
            "start": 63,
            "end": 77,
            "value": "accelerometers",
            "entity": "tech_support_object"
          },
          {
            "start": 35,
            "end": 43,
            "value": "vbSeries",
            "entity": "tech_support_object"
          }
        ]
      },
      {
        "text": "indeed",
        "intent": "affirm",
        "entities": []
      },
      {
        "text": "that's right",
        "intent": "affirm",
        "entities": []
      },
      {
        "text": "ok",
        "intent": "affirm",
        "entities": []
      },
      {
        "text": "great",
        "intent": "affirm",
        "entities": []
      },
      {
        "text": "I cannot access the Calibration menu using the PIN 000. Is there a way to over-ride the PIN number?",
        "intent": "technical_support",
        "entities": [
          {
            "start": 47,
            "end": 54,
            "value": "PIN 000",
            "entity": "tech_support_object"
          },
          {
            "start": 74,
            "end": 83,
            "value": "over-ride",
            "entity": "tech_support_work"
          },
          {
            "start": 20,
            "end": 36,
            "value": "Calibration menu",
            "entity": "tech_support_work"
          }
        ]
      },
      {
        "text": "I cannot gain access to the calibration menu using the calibration PIN 4321. What should I do?",
        "intent": "technical_support",
        "entities": [
          {
            "start": 14,
            "end": 20,
            "value": "access",
            "entity": "tech_support_work"
          },
          {
            "start": 67,
            "end": 75,
            "value": "PIN 4321",
            "entity": "tech_support_object"
          }
        ]
      },
      {
        "text": "What to do if the PT878 goes into a rebooting loop and will not turn on?",
        "intent": "technical_query",
        "entities": [
          {
            "start": 18,
            "end": 23,
            "value": "PT878",
            "entity": "tech_query_object"
          },
          {
            "start": 36,
            "end": 45,
            "value": "rebooting",
            "entity": "tech_query_work"
          }
        ]
      },
      {
        "text": "I cannot access the Calibration menu on my DPI 610/615 using the Calibration PIN 4321. Is there an over-ride / by-pass PIN?",
        "intent": "technical_support",
        "entities": [
          {
            "start": 47,
            "end": 54,
            "value": "610/615",
            "entity": "tech_support_object"
          },
          {
            "start": 65,
            "end": 76,
            "value": "Calibration",
            "entity": "tech_support_work"
          },
          {
            "start": 77,
            "end": 85,
            "value": "PIN 4321",
            "entity": "tech_support_work"
          }
        ]
      },
      {
        "text": "what is your name?",
        "intent": "technical_query",
        "entities": []
      },
      {
        "text": "who are you?",
        "intent": "technical_query",
        "entities": []
      },
      {
        "text": "what to do when refrigerator fails?",
        "intent": "technical_support",
        "entities": [
          {
            "start": 16,
            "end": 28,
            "value": "refrigerator",
            "entity": "tech_support_object"
          }
        ]
      },
      {
        "text": "What is technical support number?",
        "intent": "technical_query",
        "entities": [
          {
            "start": 8,
            "end": 17,
            "value": "technical",
            "entity": "tech_query_work"
          },
          {
            "start": 18,
            "end": 25,
            "value": "support",
            "entity": "tech_query_work"
          },
          {
            "start": 26,
            "end": 32,
            "value": "number",
            "entity": "tech_query_object"
          }
        ]
      }
    ]
  }
}