﻿{
  "rasa_nlu_data": {
    "common_examples": [
      {
        "text": "How to access ICAM application?",
        "intent": "access_Issue",
        "entities": [
          {
            "start": 0,
            "end": 31,
            "value": "How to access ICAM application?",
            "entity": "access_icam"
          },
          {
            "start": 14,
            "end": 31,
            "value": "ICAM application?",
            "entity": "access_icam"
          },
          {
            "start": 3,
            "end": 31,
            "value": "to access ICAM application?",
            "entity": "access_icam"
          },
          {
            "start": 0,
            "end": 18,
            "value": "How to access ICAM",
            "entity": "access_icam"
          },
          {
            "start": 7,
            "end": 31,
            "value": "access ICAM application?",
            "entity": "access_icam"
          },
          {
            "start": 4,
            "end": 18,
            "value": "to access ICAM",
            "entity": "access_icam"
          },
          {
            "start": 7,
            "end": 18,
            "value": "access ICAM",
            "entity": "access_icam"
          },
          {
            "start": 7,
            "end": 30,
            "value": "access ICAM application",
            "entity": "access_icam"
          },
          {
            "start": 7,
            "end": 30,
            "value": "access ICAM application",
            "entity": "access_icam"
          },
          {
            "start": 14,
            "end": 31,
            "value": "ICAM application?",
            "entity": "access_icam"
          },
          {
            "start": 0,
            "end": 18,
            "value": "How to access ICAM",
            "entity": "access_icam"
          },
          {
            "start": 7,
            "end": 13,
            "value": "access",
            "entity": "access_icam"
          },
          {
            "start": 7,
            "end": 13,
            "value": "acess",
            "entity": "access_icam"
          }
        ]
      },
      {
        "text": "whom to contact to technical aspects of the application?",
        "intent": "technical",
        "entities": [
          {
            "start": 0,
            "end": 56,
            "value": "whom to contact to technical aspects of the application?",
            "entity": "technical_issue"
          },
          {
            "start": 0,
            "end": 56,
            "value": "technical aspects of the application?",
            "entity": "technical_issue"
          },
          {
            "start": 19,
            "end": 28,
            "value": "technical",
            "entity": "technical_issue"
          },
          {
            "start": 19,
            "end": 36,
            "value": "technical issue",
            "entity": "technical_issue"
          },
          {
            "start": 8,
            "end": 36,
            "value": "contact to technical aspects",
            "entity": "technical_issue"
          },
          {
            "start": 8,
            "end": 28,
            "value": "contact to technical",
            "entity": "technical_issue"
          },
          {
            "start": 19,
            "end": 55,
            "value": "technical aspects of the application",
            "entity": "technical_issue"
          }
        ]
      },
      {
        "text": "Icam Access",
        "intent": "access_Issue",
        "entities": [
          {
            "start": 0,
            "end": 11,
            "value": "Icam Access",
            "entity": "access_icam"
          }
        ]
      },
      {
        "text": "technical help",
        "intent": "technical",
        "entities": [
          {
            "start": 0,
            "end": 14,
            "value": "technical help",
            "entity": "technical_issue"
          }
        ]
      },
      {
        "text": "How to access fleetflex application?",
        "intent": "fleetflex_access",
        "entities": [
          {
            "start": 14,
            "end": 35,
            "value": "fleetflex application",
            "entity": "fleetflex"
          },
          {
            "start": 7,
            "end": 23,
            "value": "access fleetflex",
            "entity": "fleetflex"
          },
          {
            "start": 7,
            "end": 23,
            "value": "fleetflex access",
            "entity": "fleetflex"
          },
          {
            "start": 13,
            "end": 36,
            "value": " fleetflex application?",
            "entity": "fleetflex"
          },
          {
            "start": 0,
            "end": 36,
            "value": "How to access fleetflex application?",
            "entity": "fleetflex"
          }
        ]
      },
      {
        "text": "Fleetflex access",
        "intent": "fleetflex_access",
        "entities": [
          {
            "start": 0,
            "end": 16,
            "value": "Fleetflex access",
            "entity": "fleetflex"
          }
        ]
      },
      {
        "text": "application documents",
        "intent": "documents",
        "entities": [
          {
            "start": 0,
            "end": 21,
            "value": "application documents",
            "entity": "document"
          },
          {
            "start": 12,
            "end": 21,
            "value": "documents",
            "entity": "document"
          }
        ]
      },
      {
        "text": "documents for the application",
        "intent": "documents",
        "entities": [
          {
            "start": 0,
            "end": 29,
            "value": "documents for the application",
            "entity": "document"
          }
        ]
      }
    ]
  }
}